[
  {
    "model": "core.company",
    "pk": "5e6b575c-8466-4e85-9e58-2eee75701965",
    "fields": {
      "name": "google",
      "trial": false,
      "invitations": 0,
      "invitations_sent": 0
    }
  },
  {
    "model": "core.company",
    "pk": "cbac35e9-5e8c-4a61-9222-dc85ebd36756",
    "fields": {
      "name": "multigence",
      "trial": false,
      "invitations": 0,
      "invitations_sent": 0
    }
  },
  {
    "model": "core.department",
    "pk": "0eed63dd-8864-43b0-b8d7-2ea5d798ef7e",
    "fields": {
      "name": "HR department",
      "company": "5e6b575c-8466-4e85-9e58-2eee75701965"
    }
  },
  {
    "model": "core.department",
    "pk": "6a6f7a92-8c80-47d9-a56f-593b84e9827c",
    "fields": {
      "name": "HR department",
      "company": "cbac35e9-5e8c-4a61-9222-dc85ebd36756"
    }
  },
  {
    "model": "core.department",
    "pk": "b7ffcafd-df20-4c77-a8b7-bab746a8db07",
    "fields": {
      "name": "IT department",
      "company": "5e6b575c-8466-4e85-9e58-2eee75701965"
    }
  },
  {
    "model": "core.department",
    "pk": "f2573fd7-dfbc-4bcf-aa2d-349d52715a12",
    "fields": {
      "name": "IT department",
      "company": "cbac35e9-5e8c-4a61-9222-dc85ebd36756"
    }
  },
  {
    "model": "core.question",
    "pk": "4c5b7243-0ae7-4183-ab81-2682213cd5be",
    "fields": {
      "text": {
        "de": "Frage 2",
        "en": "Question 2"
      }
    }
  },
  {
    "model": "core.question",
    "pk": "c8470e11-46ef-43a2-b4f5-fbf97f5dc7d3",
    "fields": {
      "text": {
        "de": "Frage 1",
        "en": "Question 1"
      }
    }
  },
  {
    "model": "core.questionary",
    "pk": "8d27e97c-374a-4ad4-b80a-265d2be01860",
    "fields": {
      "id": "",
      "name": "default",
      "max_points": 22,
      "company": "5e6b575c-8466-4e85-9e58-2eee75701965"
    }
  },
  {
    "model": "core.questionary",
    "pk": "f5f0ef2f-3eb8-461c-bad6-4e2463ac28f8",
    "fields": {
      "id": "",
      "name": "default",
      "max_points": 22,
      "company": "cbac35e9-5e8c-4a61-9222-dc85ebd36756"
    }
  },
  {
    "model": "core.questionaryquestion",
    "pk": 1,
    "fields": {
      "questionary": "f5f0ef2f-3eb8-461c-bad6-4e2463ac28f8",
      "question": "c8470e11-46ef-43a2-b4f5-fbf97f5dc7d3",
      "index": 0
    }
  },
  {
    "model": "core.questionaryquestion",
    "pk": 2,
    "fields": {
      "questionary": "f5f0ef2f-3eb8-461c-bad6-4e2463ac28f8",
      "question": "4c5b7243-0ae7-4183-ab81-2682213cd5be",
      "index": 0
    }
  },
  {
    "model": "core.questionaryquestion",
    "pk": 3,
    "fields": {
      "questionary": "8d27e97c-374a-4ad4-b80a-265d2be01860",
      "question": "c8470e11-46ef-43a2-b4f5-fbf97f5dc7d3",
      "index": 0
    }
  },
  {
    "model": "core.questionaryquestion",
    "pk": 4,
    "fields": {
      "questionary": "8d27e97c-374a-4ad4-b80a-265d2be01860",
      "question": "4c5b7243-0ae7-4183-ab81-2682213cd5be",
      "index": 0
    }
  },
  {
    "model": "core.sphere",
    "pk": "073ebeec-99f1-44a5-8c6b-a742fc9a88d4",
    "fields": {
      "name": "sphere3",
      "type": "COLLECTIVE",
      "index": 0
    }
  },
  {
    "model": "core.sphere",
    "pk": "0a62e5da-c6c4-46b5-ba4c-6543fa8523e8",
    "fields": {
      "name": "sphere6",
      "type": "INDIVIDUAL",
      "index": 0
    }
  },
  {
    "model": "core.sphere",
    "pk": "391e66be-7ab4-422d-a126-d044d802b896",
    "fields": {
      "name": "sphere1",
      "type": "COLLECTIVE",
      "index": 0
    }
  },
  {
    "model": "core.sphere",
    "pk": "635901b2-0d76-42e4-b152-dcafd76a1038",
    "fields": {
      "name": "sphere2",
      "type": "COLLECTIVE",
      "index": 0
    }
  },
  {
    "model": "core.sphere",
    "pk": "69c8c50c-ffc9-42b0-bfaa-fe06f2918773",
    "fields": {
      "name": "sphere5",
      "type": "INDIVIDUAL",
      "index": 0
    }
  },
  {
    "model": "core.sphere",
    "pk": "815a46a8-a32c-4b3e-99a4-5c207681a1f2",
    "fields": {
      "name": "sphere7",
      "type": "INDIVIDUAL",
      "index": 0
    }
  },
  {
    "model": "core.sphere",
    "pk": "9cc3adb8-73e7-4901-9e2f-82e5bd77ff7f",
    "fields": {
      "name": "sphere4",
      "type": "NONE",
      "index": 0
    }
  },
  {
    "model": "core.questionoption",
    "pk": "05211660-4f24-4aee-b524-701b0dc116bf",
    "fields": {
      "question": "4c5b7243-0ae7-4183-ab81-2682213cd5be",
      "text": {
        "de": "optionDe6",
        "en": "option6"
      },
      "sphere": "0a62e5da-c6c4-46b5-ba4c-6543fa8523e8"
    }
  },
  {
    "model": "core.questionoption",
    "pk": "24a3d0e3-0ac4-4ef3-95f9-a0834e44566d",
    "fields": {
      "question": "c8470e11-46ef-43a2-b4f5-fbf97f5dc7d3",
      "text": {
        "de": "optionDe3",
        "en": "option3"
      },
      "sphere": "073ebeec-99f1-44a5-8c6b-a742fc9a88d4"
    }
  },
  {
    "model": "core.questionoption",
    "pk": "2c966846-966e-41a4-beca-23b6edc18f8f",
    "fields": {
      "question": "c8470e11-46ef-43a2-b4f5-fbf97f5dc7d3",
      "text": {
        "de": "optionDe5",
        "en": "option5"
      },
      "sphere": "69c8c50c-ffc9-42b0-bfaa-fe06f2918773"
    }
  },
  {
    "model": "core.questionoption",
    "pk": "320aad5f-f606-4f41-8d7f-aac829651a39",
    "fields": {
      "question": "4c5b7243-0ae7-4183-ab81-2682213cd5be",
      "text": {
        "de": "optionDe7",
        "en": "option7"
      },
      "sphere": "815a46a8-a32c-4b3e-99a4-5c207681a1f2"
    }
  },
  {
    "model": "core.questionoption",
    "pk": "364f737f-8be0-4431-a59a-85e7623226ef",
    "fields": {
      "question": "c8470e11-46ef-43a2-b4f5-fbf97f5dc7d3",
      "text": {
        "de": "optionDe6",
        "en": "option6"
      },
      "sphere": "0a62e5da-c6c4-46b5-ba4c-6543fa8523e8"
    }
  },
  {
    "model": "core.questionoption",
    "pk": "6e537493-182d-4cde-a739-bcd727a10fcb",
    "fields": {
      "question": "4c5b7243-0ae7-4183-ab81-2682213cd5be",
      "text": {
        "de": "optionDe5",
        "en": "option5"
      },
      "sphere": "69c8c50c-ffc9-42b0-bfaa-fe06f2918773"
    }
  },
  {
    "model": "core.questionoption",
    "pk": "7aa7fed4-4175-41c0-bba5-960a22c35bf9",
    "fields": {
      "question": "4c5b7243-0ae7-4183-ab81-2682213cd5be",
      "text": {
        "de": "optionDe2",
        "en": "option2"
      },
      "sphere": "635901b2-0d76-42e4-b152-dcafd76a1038"
    }
  },
  {
    "model": "core.questionoption",
    "pk": "97d8b784-8b49-4406-834f-823cff6c2111",
    "fields": {
      "question": "4c5b7243-0ae7-4183-ab81-2682213cd5be",
      "text": {
        "de": "optionDe4",
        "en": "option4"
      },
      "sphere": "9cc3adb8-73e7-4901-9e2f-82e5bd77ff7f"
    }
  },
  {
    "model": "core.questionoption",
    "pk": "9de856ab-74fc-4fbb-90c2-b1066fefd751",
    "fields": {
      "question": "c8470e11-46ef-43a2-b4f5-fbf97f5dc7d3",
      "text": {
        "de": "optionDe1",
        "en": "option1"
      },
      "sphere": "391e66be-7ab4-422d-a126-d044d802b896"
    }
  },
  {
    "model": "core.questionoption",
    "pk": "aef04824-a600-41c7-9e3f-b81f9b10cc5f",
    "fields": {
      "question": "4c5b7243-0ae7-4183-ab81-2682213cd5be",
      "text": {
        "de": "optionDe3",
        "en": "option3"
      },
      "sphere": "073ebeec-99f1-44a5-8c6b-a742fc9a88d4"
    }
  },
  {
    "model": "core.questionoption",
    "pk": "cdd87cb2-ab1c-4590-a686-8c4f5700b5e9",
    "fields": {
      "question": "c8470e11-46ef-43a2-b4f5-fbf97f5dc7d3",
      "text": {
        "de": "optionDe2",
        "en": "option2"
      },
      "sphere": "635901b2-0d76-42e4-b152-dcafd76a1038"
    }
  },
  {
    "model": "core.questionoption",
    "pk": "de09b17e-3478-434c-b2b1-c26cd2de6af4",
    "fields": {
      "question": "c8470e11-46ef-43a2-b4f5-fbf97f5dc7d3",
      "text": {
        "de": "optionDe7",
        "en": "option7"
      },
      "sphere": "815a46a8-a32c-4b3e-99a4-5c207681a1f2"
    }
  },
  {
    "model": "core.questionoption",
    "pk": "df41954b-b10b-4bbe-89a5-ecad362b7c58",
    "fields": {
      "question": "4c5b7243-0ae7-4183-ab81-2682213cd5be",
      "text": {
        "de": "optionDe1",
        "en": "option1"
      },
      "sphere": "391e66be-7ab4-422d-a126-d044d802b896"
    }
  },
  {
    "model": "core.questionoption",
    "pk": "e675046c-0d53-4b4e-a448-dae48154bb12",
    "fields": {
      "question": "c8470e11-46ef-43a2-b4f5-fbf97f5dc7d3",
      "text": {
        "de": "optionDe4",
        "en": "option4"
      },
      "sphere": "9cc3adb8-73e7-4901-9e2f-82e5bd77ff7f"
    }
  },
  {
    "model": "core.user",
    "pk": "33ddc25f-7981-4ccd-8839-e58250790f5e",
    "fields": {
      "password": "pbkdf2_sha256$24000$6QXZdp7fLVKO$z1XCvDYf1f7M4+k2iimGzsXUGZ6JAjUImMoOfSCKUtQ=",
      "last_login": null,
      "is_superuser": false,
      "first_name": "ProgramManagerFirstName",
      "first_name_alias": "",
      "last_name": "ProgramManagerLastName",
      "last_name_alias": "",
      "email": "manager@multigence.com",
      "is_staff": false,
      "is_active": true,
      "date_joined": "2016-09-10T15:50:27.039Z",
      "department": "6a6f7a92-8c80-47d9-a56f-593b84e9827c",
      "title": null,
      "position": null,
      "role": "MANAGER",
      "gender": null,
      "address": null,
      "zipcode": null,
      "state": null,
      "country": null,
      "telephone": null,
      "website": null,
      "profile_picture": null,
      "description": null,
      "groups": [],
      "user_permissions": []
    }
  },
  {
    "model": "core.user",
    "pk": "623b248c-9225-4686-89db-9e4b19d349a9",
    "fields": {
      "password": "pbkdf2_sha256$24000$mAgKYTEbNs0p$i9bsicEMvXo30ppLQEeuAU1Bfgiceg3bIzOOtBGo/mA=",
      "last_login": null,
      "is_superuser": false,
      "first_name": "ProgramManagerFirstName",
      "first_name_alias": "",
      "last_name": "ProgramManagerLastName",
      "last_name_alias": "",
      "email": "manager@google.com",
      "is_staff": false,
      "is_active": true,
      "date_joined": "2016-09-10T15:50:27.153Z",
      "department": "0eed63dd-8864-43b0-b8d7-2ea5d798ef7e",
      "title": null,
      "position": null,
      "role": "MANAGER",
      "gender": null,
      "address": null,
      "zipcode": null,
      "state": null,
      "country": null,
      "telephone": null,
      "website": null,
      "profile_picture": null,
      "description": null,
      "groups": [],
      "user_permissions": []
    }
  },
  {
    "model": "core.user",
    "pk": "9b63efff-1f4c-4199-8d07-59a3e9cbcc1f",
    "fields": {
      "password": "pbkdf2_sha256$24000$dbl3ErBEvVNP$nTG4t2DuQs+AMliqJJvuDcvxAFdHb6lu+nLFbwrH8ZE=",
      "last_login": null,
      "is_superuser": false,
      "first_name": "EmployeeFirstName",
      "first_name_alias": "",
      "last_name": "EmployeeLastName",
      "last_name_alias": "",
      "email": "employee@multigence.com",
      "is_staff": true,
      "is_active": true,
      "date_joined": "2016-09-10T15:50:26.984Z",
      "department": "f2573fd7-dfbc-4bcf-aa2d-349d52715a12",
      "title": "System Employee",
      "position": null,
      "role": "EMPLOYEE",
      "gender": null,
      "address": null,
      "zipcode": null,
      "state": null,
      "country": null,
      "telephone": null,
      "website": null,
      "profile_picture": null,
      "description": null,
      "groups": [],
      "user_permissions": []
    }
  },
  {
    "model": "core.user",
    "pk": "aef915aa-cf84-4190-b402-c744692fe22a",
    "fields": {
      "password": "pbkdf2_sha256$24000$kHNNcE3cFgkZ$HoE86g4qVFM6DgvW97Ngu0BBp+KCVJ3s+TOd07kNGyI=",
      "last_login": null,
      "is_superuser": false,
      "first_name": "DummyFirstName",
      "first_name_alias": "",
      "last_name": "DummyLastName",
      "last_name_alias": "",
      "email": "dummy@multigence.com",
      "is_staff": false,
      "is_active": true,
      "date_joined": "2016-09-10T15:50:27.012Z",
      "department": "6a6f7a92-8c80-47d9-a56f-593b84e9827c",
      "title": null,
      "position": null,
      "role": "APPLICANT",
      "gender": null,
      "address": null,
      "zipcode": null,
      "state": null,
      "country": null,
      "telephone": null,
      "website": null,
      "profile_picture": null,
      "description": null,
      "groups": [],
      "user_permissions": []
    }
  },
  {
    "model": "core.user",
    "pk": "b132b74c-f1a2-4d6d-8712-fe0d1d8e3234",
    "fields": {
      "password": "pbkdf2_sha256$24000$hSQlYquanOsx$3yiFTZQKUXwBK6uIHdJ9jbcQBZIuFmZu3nLhbsY3Tmk=",
      "last_login": null,
      "is_superuser": false,
      "first_name": "DummyFirstName",
      "first_name_alias": "",
      "last_name": "DummyLastName",
      "last_name_alias": "",
      "email": "dummy@google.com",
      "is_staff": false,
      "is_active": true,
      "date_joined": "2016-09-10T15:50:27.128Z",
      "department": "0eed63dd-8864-43b0-b8d7-2ea5d798ef7e",
      "title": null,
      "position": null,
      "role": "APPLICANT",
      "gender": null,
      "address": null,
      "zipcode": null,
      "state": null,
      "country": null,
      "telephone": null,
      "website": null,
      "profile_picture": null,
      "description": null,
      "groups": [],
      "user_permissions": []
    }
  },
  {
    "model": "core.user",
    "pk": "b3283443-0b5b-422d-a575-fd67a0320f34",
    "fields": {
      "password": "pbkdf2_sha256$24000$QwCUiqwsHaqZ$S2xwk5Ur95YuSAaZESJko98goWn4/7gD1U/UulpShk4=",
      "last_login": null,
      "is_superuser": true,
      "first_name": "AdminFirstName",
      "first_name_alias": "",
      "last_name": "AdminLastName",
      "last_name_alias": "",
      "email": "admin@multigence.com",
      "is_staff": true,
      "is_active": true,
      "date_joined": "2016-09-10T15:50:27.072Z",
      "department": "6a6f7a92-8c80-47d9-a56f-593b84e9827c",
      "title": "System Admin",
      "position": null,
      "role": "ADMIN",
      "gender": null,
      "address": null,
      "zipcode": null,
      "state": null,
      "country": null,
      "telephone": null,
      "website": null,
      "profile_picture": null,
      "description": null,
      "groups": [],
      "user_permissions": []
    }
  },
  {
    "model": "core.user",
    "pk": "dabf7683-353c-46b6-ad3d-987de7365f0f",
    "fields": {
      "password": "pbkdf2_sha256$24000$DsRxjKndxz8N$qymdsfqZjwyZ4ZqhD7+XdYsFZxEJwFTZVTx1tq1ZL8M=",
      "last_login": null,
      "is_superuser": false,
      "first_name": "EmployeeFirstName",
      "first_name_alias": "",
      "last_name": "EmployeeLastName",
      "last_name_alias": "",
      "email": "employee@google.com",
      "is_staff": true,
      "is_active": true,
      "date_joined": "2016-09-10T15:50:27.102Z",
      "department": "b7ffcafd-df20-4c77-a8b7-bab746a8db07",
      "title": "System Employee",
      "position": null,
      "role": "EMPLOYEE",
      "gender": null,
      "address": null,
      "zipcode": null,
      "state": null,
      "country": null,
      "telephone": null,
      "website": null,
      "profile_picture": null,
      "description": null,
      "groups": [],
      "user_permissions": []
    }
  },
  {
    "model": "core.questionaryresult",
    "pk": "13163d9e-e5c8-4f7d-b7e1-c9c12519caa6",
    "fields": {
      "user": "33ddc25f-7981-4ccd-8839-e58250790f5e",
      "questionary": "f5f0ef2f-3eb8-461c-bad6-4e2463ac28f8",
      "status": "CREATED"
    }
  },
  {
    "model": "core.questionaryresult",
    "pk": "60b8f01b-0ad8-4d55-9241-81d23fe342d6",
    "fields": {
      "user": "aef915aa-cf84-4190-b402-c744692fe22a",
      "questionary": "f5f0ef2f-3eb8-461c-bad6-4e2463ac28f8",
      "status": "CREATED"
    }
  },
  {
    "model": "core.questionaryresult",
    "pk": "67ec7c4c-84f4-47d6-af54-b852310bddb9",
    "fields": {
      "user": "623b248c-9225-4686-89db-9e4b19d349a9",
      "questionary": "8d27e97c-374a-4ad4-b80a-265d2be01860",
      "status": "CREATED"
    }
  },
  {
    "model": "core.questionaryresult",
    "pk": "ad2125e4-02b0-4592-a04a-3e1b33e97319",
    "fields": {
      "user": "9b63efff-1f4c-4199-8d07-59a3e9cbcc1f",
      "questionary": "f5f0ef2f-3eb8-461c-bad6-4e2463ac28f8",
      "status": "CREATED"
    }
  },
  {
    "model": "core.questionaryresult",
    "pk": "ef14b985-5334-46e5-b1ae-f55cf91a6705",
    "fields": {
      "user": "b132b74c-f1a2-4d6d-8712-fe0d1d8e3234",
      "questionary": "8d27e97c-374a-4ad4-b80a-265d2be01860",
      "status": "CREATED"
    }
  },
  {
    "model": "core.questionaryresult",
    "pk": "f69038ef-a06f-474e-94a3-503245f32431",
    "fields": {
      "user": "dabf7683-353c-46b6-ad3d-987de7365f0f",
      "questionary": "8d27e97c-374a-4ad4-b80a-265d2be01860",
      "status": "CREATED"
    }
  }
]